experience_name,overall_efficiency_mean,overall_efficiency_std,overall_informativeness_mean,overall_informativeness_std,overall_covgap_mean,overall_covgap_std,taskwise_efficiency_mean_0,taskwise_efficiency_std_0,taskwise_informativeness_mean_0,taskwise_informativeness_std_0,taskwise_covgap_mean_0,taskwise_covgap_std_0,taskwise_efficiency_mean_1,taskwise_efficiency_std_1,taskwise_informativeness_mean_1,taskwise_informativeness_std_1,taskwise_covgap_mean_1,taskwise_covgap_std_1
hl_hlcal_scp_global,1.130359341766484,0.0,0.8722153811709392,0.0,5.000000000000004,0.0,1.141497817082727,0.0,0.8607410724280756,0.0,5.000000000000004,0.0,1.1192208664502408,0.0,0.8836896899138027,0.0,5.000000000000004,0.0
hl_hlcal_scp_task,1.133997537221538,0.0,0.8705921862756073,0.0,5.000000000000004,0.0,1.1828053285570357,0.0,0.826262173961715,0.0,5.000000000000004,0.0,1.0851897458860404,0.0,0.9149221985894996,0.0,5.000000000000004,0.0
hl_hlcal_ccp_class,1.1791671331019815,0.0,0.8175864771073547,0.0,5.000000000000004,0.0,1.2396731221314228,0.0,0.7577521549311541,0.0,5.000000000000004,0.0,1.11866114407254,0.0,0.8774207992835553,0.0,5.000000000000004,0.0
hl_hlcal_ccp_task_cluster,1.177096160304489,0.0,0.8187618941005261,0.0,5.000000000000004,0.0,1.2396731221314228,0.0,0.7577521549311541,0.0,5.000000000000004,0.0,1.114519198477555,0.0,0.8797716332698982,0.0,5.000000000000004,0.0
hl_hlcal_ccp_global_cluster,1.1791671331019815,0.0,0.8175864771073547,0.0,5.000000000000004,0.0,1.2396731221314228,0.0,0.7577521549311541,0.0,5.000000000000004,0.0,1.11866114407254,0.0,0.8774207992835553,0.0,5.000000000000004,0.0
